Rank,Male Name,Male Number,Female Name,Female Number,rand
1,James,"4,764,644",Mary,"3,328,565",955
2,John,"4,546,819",Patricia,"1,562,727",25
3,Robert,"4,535,897",Jennifer,"1,466,854",819
4,Michael,"4,323,074",Linda,"1,448,194",968
5,William,"3,631,876",Elizabeth,"1,436,232",390
6,David,"3,560,660",Barbara,"1,406,173",311
7,Richard,"2,477,879",Susan,"1,105,188",544
8,Joseph,"2,367,801",Jessica,"1,044,492",948
9,Thomas,"2,167,014",Sarah,"995,436",926
10,Charles,"2,124,748",Karen,"985,261",454
11,Christopher,"2,025,963",Nancy,"971,838",751
12,Daniel,"1,882,400",Margaret,"968,332",601
13,Matthew,"1,591,773",Lisa,"964,705",51
14,Anthony,"1,400,849",Betty,"948,725",614
15,Donald,"1,357,533",Dorothy,"878,637",689
16,Mark,"1,345,366",Sandra,"873,403",563
17,Paul,"1,296,573",Ashley,"845,462",704
18,Steven,"1,279,636",Kimberly,"836,685",888
19,Andrew,"1,248,926",Donna,"824,044",783
20,Kenneth,"1,231,665",Emily,"820,233",537
21,Joshua,"1,208,231",Michelle,"810,244",710
22,George,"1,181,255",Carol,"808,228",890
23,Kevin,"1,169,693",Amanda,"772,427",975
24,Brian,"1,165,284",Melissa,"752,207",558
25,Edward,"1,114,165",Deborah,"739,570",756
26,Ronald,"1,073,235",Stephanie,"737,514",378
27,Timothy,"1,067,263",Rebecca,"729,638",376
28,Jason,"1,031,730",Laura,"723,960",969
29,Jeffrey,"974,219",Sharon,"720,799",509
30,Ryan,"931,422",Cynthia,"705,556",173
31,Jacob,"915,562",Kathleen,"691,649",481
32,Gary,"899,587",Helen,"685,877",547
33,Nicholas,"888,450",Amy,"679,793",253
34,Eric,"875,444",Shirley,"671,283",920
35,Stephen,"840,568",Angela,"657,793",824
36,Jonathan,"838,634",Anna,"639,947",142
37,Larry,"802,473",Brenda,"606,269",88
38,Justin,"774,858",Pamela,"592,685",811
39,Scott,"769,294",Nicole,"586,880",688
40,Brandon,"756,415",Ruth,"586,566",98
41,Frank,"722,122",Katherine,"577,232",428
42,Benjamin,"719,558",Samantha,"572,632",419
43,Gregory,"706,323",Christine,"565,140",300
44,Samuel,"705,094",Emma,"557,929",833
45,Raymond,"690,233",Catherine,"557,454",393
46,Patrick,"662,614",Debra,"548,270",980
47,Alexander,"656,997",Virginia,"546,942",149
48,Jack,"636,163",Rachel,"546,198",122
49,Dennis,"611,399",Carolyn,"543,284",922
50,Jerry,"603,209",Janet,"543,129",378
51,Tyler,"586,598",Maria,"527,601",398
52,Aaron,"574,616",Heather,"524,160",920
53,Jose,"556,684",Diane,"515,329",758
54,Henry,"553,184",Julie,"506,015",564
55,Douglas,"550,253",Joyce,"501,557",672
56,Adam,"547,659",Victoria,"476,787",163
57,Peter,"542,143",Kelly,"470,807",779
58,Nathan,"539,259",Christina,"470,773",104
59,Zachary,"534,808",Joan,"470,339",768
60,Walter,"488,156",Evelyn,"469,166",306
61,Kyle,"478,914",Lauren,"468,078",363
62,Harold,"460,352",Judith,"449,845",572
63,Carl,"437,941",Olivia,"446,075",416
64,Jeremy,"435,760",Frances,"443,803",657
65,Keith,"431,893",Martha,"442,510",449
66,Roger,"430,648",Cheryl,"436,876",692
67,Gerald,"430,639",Megan,"436,676",940
68,Ethan,"424,039",Andrea,"432,486",714
69,Arthur,"423,066",Hannah,"421,473",587
70,Terry,"421,897",Jacqueline,"419,912",532
71,Christian,"419,307",Ann,"417,063",777
72,Sean,"417,558",Jean,"413,919",107
73,Lawrence,"411,846",Alice,"412,224",140
74,Austin,"407,659",Kathryn,"409,275",771
75,Joe,"393,562",Gloria,"409,048",52
76,Noah,"390,019",Teresa,"404,955",259
77,Jesse,"388,817",Doris,"404,469",130
78,Albert,"386,202",Sara,"402,044",499
79,Bryan,"380,231",Janice,"400,793",48
80,Billy,"380,139",Julia,"385,358",903
81,Bruce,"376,227",Marie,"385,179",111
82,Willie,"374,697",Madison,"380,710",931
83,Jordan,"373,768",Grace,"380,274",191
84,Dylan,"369,445",Judy,"378,183",522
85,Alan,"346,761",Theresa,"372,220",551
86,Ralph,"346,374",Beverly,"371,285",453
87,Gabriel,"344,424",Denise,"371,008",176
88,Roy,"343,526",Marilyn,"369,774",41
89,Juan,"343,151",Amber,"369,305",192
90,Wayne,"340,759",Danielle,"367,034",878
91,Eugene,"335,892",Abigail,"364,627",201
92,Logan,"330,888",Brittany,"358,248",158
93,Randy,"327,458",Rose,"357,944",480
94,Louis,"325,321",Diana,"357,385",346
95,Russell,"324,099",Natalie,"348,321",644
96,Vincent,"321,973",Sophia,"338,623",321
97,Philip,"317,236",Alexis,"338,183",618
98,Bobby,"313,127",Lori,"337,987",482
99,Johnny,"308,032",Kayla,"337,528",143
100,Bradley,"304,927",Jane,"336,967",467
