first_name,last_name,user_type,gender
Aaron,CHASE,mock user,male
Aaron,MCDOWELL,mock user,male
Abigail,CONLEY,mock user,female
Abigail,PETTY,mock user,female
Alexander,LEVINE,mock user,male
Alexander,HOLCOMB,mock user,male
Alexis,OWENS,mock user,female
Alexis,GOULD,mock user,female
Ann,WALLACE,mock user,female
Ann,PADILLA,mock user,female
Anna,CAMACHO,mock user,female
Anna,MEADOWS,mock user,female
Arthur,HENDRIX,mock user,male
Arthur,MCCLAIN,mock user,male
Ashley,CLARK,mock user,female
Ashley,DECKER,mock user,female
Ashley,VARGAS,mock user,female
Barbara,BLANKENSHIP,mock user,female
Barbara,BOWERS,mock user,female
Benjamin,PRESTON,mock user,male
Benjamin,WYNN,mock user,male
Benjamin,RIVAS,mock user,male
Beverly,DEAN,mock user,female
Billy,DILLON,mock user,male
Billy,VELEZ,mock user,male
Bobby,ERICKSON,mock user,male
Bradley,CLAYTON,mock user,male
Brittany,PATE,mock user,female
Bryan,EVERETT,mock user,male
Carol,BEST,mock user,female
Carolyn,VANG,mock user,female
Carolyn,HARRELL,mock user,female
Catherine,LANDRY,mock user,female
Charles,LYONS,mock user,male
Charles,CHEN,mock user,male
Cheryl,JOHNS,mock user,female
Christian,WALLACE,mock user,male
Christian,PADILLA,mock user,male
Christina,WEAVER,mock user,female
Christopher,SHIELDS,mock user,male
Cynthia,REESE,mock user,female
Danielle,SARGENT,mock user,female
Danielle,LAMB,mock user,female
David,BLANKENSHIP,mock user,male
David,BOWERS,mock user,male
Debra,HERNANDEZ,mock user,female
Debra,FOWLER,mock user,female
Debra,SNYDER,mock user,female
Debra,WILDER,mock user,female
Dennis,VANG,mock user,male
Dennis,HARRELL,mock user,male
Diana,FRAZIER,mock user,female
Douglas,FERNANDEZ,mock user,male
Douglas,GREGORY,mock user,male
Douglas,MUNOZ,mock user,male
Douglas,MADDOX,mock user,male
Eric,CHASE,mock user,male
Eric,MCDOWELL,mock user,male
Eugene,CONLEY,mock user,male
Eugene,PETTY,mock user,male
Evelyn,CAIN,mock user,female
Frances,SOLIS,mock user,female
Frank,RAYMOND,mock user,male
Gary,JACKSON,mock user,male
George,BEST,mock user,male
Gerald,JACOBS,mock user,male
Gerald,SANDOVAL,mock user,male
Hannah,HENDRIX,mock user,female
Hannah,MCCLAIN,mock user,female
Heather,CHASE,mock user,female
Heather,MCDOWELL,mock user,female
Helen,JACKSON,mock user,female
Jack,ZAMORA,mock user,male
Jack,BRADFORD,mock user,male
Jack,BARNES,mock user,male
Jacob,CANTRELL,mock user,male
Jacqueline,MCKINNEY,mock user,female
James,MCGEE,mock user,male
Jane,CLAYTON,mock user,female
Janet,MCKEE,mock user,female
Janice,EVERETT,mock user,female
Jason,POPE,mock user,male
Jeremy,SOLIS,mock user,male
Jerry,MCKEE,mock user,male
John,GUTIERREZ,mock user,male
John,WINTERS,mock user,male
Jonathan,CAMACHO,mock user,male
Jonathan,MEADOWS,mock user,male
Joshua,JENKINS,mock user,male
Joyce,FERNANDEZ,mock user,female
Joyce,GREGORY,mock user,female
Joyce,MUNOZ,mock user,female
Joyce,MADDOX,mock user,female
Julia,DILLON,mock user,female
Julia,VELEZ,mock user,female
Justin,DOYLE,mock user,male
Justin,GUERRA,mock user,male
Karen,LYONS,mock user,female
Karen,CHEN,mock user,female
Katherine,RAYMOND,mock user,female
Kathleen,CANTRELL,mock user,female
Keith,JOHNSTON,mock user,male
Kelly,BAXTER,mock user,female
Kelly,EDWARDS,mock user,female
Kyle,PRUITT,mock user,male
Kyle,CHRISTIAN,mock user,male
Kyle,LITTLE,mock user,male
Kyle,RIVERA,mock user,male
Kyle,TYSON,mock user,male
Laura,POPE,mock user,female
Lauren,PRUITT,mock user,female
Lauren,CHRISTIAN,mock user,female
Lauren,LITTLE,mock user,female
Lauren,RIVERA,mock user,female
Lauren,TYSON,mock user,female
Linda,MCCARTY,mock user,female
Linda,PUGH,mock user,female
Linda,SCHROEDER,mock user,female
Linda,ODOM,mock user,female
Linda,MITCHELL,mock user,female
Logan,PATE,mock user,male
Lori,ERICKSON,mock user,female
Louis,FRAZIER,mock user,male
Madison,CONRAD,mock user,female
Marilyn,MERCER,mock user,female
Mark,GONZALES,mock user,male
Martha,JOHNSTON,mock user,female
Mary,MCGEE,mock user,female
Megan,JACOBS,mock user,female
Megan,SANDOVAL,mock user,female
Michael,MCCARTY,mock user,male
Michael,PUGH,mock user,male
Michael,SCHROEDER,mock user,male
Michael,ODOM,mock user,male
Michael,MITCHELL,mock user,male
Michelle,JENKINS,mock user,female
Nancy,SHIELDS,mock user,female
Natalie,FREEMAN,mock user,female
Nathan,WEAVER,mock user,male
Nicole,GILBERT,mock user,female
Nicole,ALEXANDER,mock user,female
Pamela,DOYLE,mock user,female
Pamela,GUERRA,mock user,female
Patricia,GUTIERREZ,mock user,female
Patricia,WINTERS,mock user,female
Patrick,HERNANDEZ,mock user,male
Patrick,FOWLER,mock user,male
Patrick,SNYDER,mock user,male
Patrick,WILDER,mock user,male
Paul,CLARK,mock user,male
Paul,DECKER,mock user,male
Paul,VARGAS,mock user,male
Peter,BAXTER,mock user,male
Peter,EDWARDS,mock user,male
Philip,OWENS,mock user,male
Philip,GOULD,mock user,male
Rachel,ZAMORA,mock user,female
Rachel,BRADFORD,mock user,female
Rachel,BARNES,mock user,female
Ralph,DEAN,mock user,male
Randy,ROBINSON,mock user,male
Raymond,LANDRY,mock user,male
Rebecca,SIMS,mock user,female
Richard,CONTRERAS,mock user,male
Roger,JOHNS,mock user,male
Ronald,MCKEE,mock user,male
Rose,ROBINSON,mock user,female
Roy,MERCER,mock user,male
Russell,FREEMAN,mock user,male
Ryan,REESE,mock user,male
Samantha,PRESTON,mock user,female
Samantha,WYNN,mock user,female
Samantha,RIVAS,mock user,female
Sandra,GONZALES,mock user,female
Scott,GILBERT,mock user,male
Scott,ALEXANDER,mock user,male
Shirley,CHASE,mock user,female
Shirley,MCDOWELL,mock user,female
Sophia,PIERCE,mock user,female
Sophia,LEE,mock user,female
Stephanie,MCKEE,mock user,female
Susan,CONTRERAS,mock user,female
Terry,MCKINNEY,mock user,male
Timothy,SIMS,mock user,male
Vincent,PIERCE,mock user,male
Vincent,LEE,mock user,male
Virginia,LEVINE,mock user,female
Virginia,HOLCOMB,mock user,female
Walter,CAIN,mock user,male
Wayne,SARGENT,mock user,male
Wayne,LAMB,mock user,male
Willie,CONRAD,mock user,male
